{
    "display": {
	"icon": {
		"item": "minecraft:firework_rocket"
        },
        "title": {
          "translate": "item.minecraft.firework_rocket"
        },
      "description": "This item has to be crafted not found",
      "frame": "task",
      "show_toast": false,
      "announce_to_chat": false,
      "hidden": false
    },
    "parent": "bingo:possibleitems/catagory13b",
      "criteria": {
        "impossible": {
          "trigger": "minecraft:impossible"
    }
  }
}