{
    "display": {
	"icon": {
		"item": "minecraft:player_head",
		"nbt": "{SkullOwner:{Id:[I;0,0,0,0],Properties:{textures:[{Value:'eyJ0ZXh0dXJlcyI6eyJTS0lOIjp7InVybCI6Imh0dHA6Ly90ZXh0dXJlcy5taW5lY3JhZnQubmV0L3RleHR1cmUvMGViZTdlNTIxNTE2OWE2OTlhY2M2Y2VmYTdiNzNmZGIxMDhkYjg3YmI2ZGFlMjg0OWZiZTI0NzE0YjI3In19fQ=='}]}}}"
		},
      "title": "Item Difficulty",
      "description": "Items At Any Difficulty",
      "frame": "task",
      "show_toast": false,
      "announce_to_chat": false,
      "hidden": false
    },
    "parent": "bingo:possibleitems/root",
      "criteria": {
        "impossible": {
          "trigger": "minecraft:impossible"
    }
  }
}